"ride_id","rideable_type","started_at","ended_at","start_station_name","start_station_id","end_station_name","end_station_id","start_lat","start_lng","end_lat","end_lng","member_casual"
"4B636EC7E8ACF463","classic_bike","2021-08-10 17:38:58","2021-08-10 17:43:25","Schermerhorn St & Court St","4565.04","Kane St & Clinton St","4455.11","40.69102925677968","-73.99183362722397","40.6861758","-73.99645295","member"
"EE242E6E9A8981F3","classic_bike","2021-08-27 13:37:43","2021-08-27 13:47:58","Ashland Pl & Dekalb Ave","4513.09","Emerson Pl & Myrtle Ave","4683.02","40.690065","-73.978776","40.69363137","-73.96223558","casual"
"35A12D3F2560B9AE","classic_bike","2021-08-16 19:23:22","2021-08-16 19:48:50","E 55 St & 2 Ave","6650.07","E 6 St & Avenue D","5506.14","40.75797322","-73.96603308","40.72228087","-73.97668709","member"
"53FDCBF9FBD0BAB7","classic_bike","2021-08-19 14:30:46","2021-08-19 14:46:09","Madison Ave & E 26 St","6131.12","E 13 St & Avenue A","5779.09","40.742684734875695","-73.98671329021454","40.72966729392978","-73.98067966103554","casual"
"8B53A377F9AC82DE","classic_bike","2021-08-26 19:19:12","2021-08-26 19:28:13","W 37 St & 5 Ave","6398.06","8 Ave & W 49 St","6747.07","40.75038009","-73.98338988","40.76171227910671","-73.98655101656914","member"
"4DF976906A072E02","classic_bike","2021-08-21 10:04:04","2021-08-21 10:19:20","W 168th S & Fort Washington Ave","8226.07","W 113 St & Broadway","7713.01","40.84210236102173","-73.9422395825386","40.805973","-73.964928","member"
"CF2391F9B59E5D32","classic_bike","2021-08-21 20:51:06","2021-08-21 20:57:40","8 Ave & W 31 St","6450.05","10 Ave & W 28 St","6459.04","40.7505853470215","-73.9946848154068","40.75066386","-74.00176802","member"
"867F02F97898C639","classic_bike","2021-08-20 15:04:46","2021-08-20 15:11:23","St Nicholas Ave & W 137 St","7898.03","Amsterdam Ave & W 131 St","7842.16","40.818477","-73.947568","40.816355","-73.954295","member"
"5E168DEA3016F609","classic_bike","2021-08-19 11:34:08","2021-08-19 12:42:50","E 76 St & Park Ave","7128.08","W 82 St & Central Park West","7304.08","40.773763","-73.96222088","40.78275","-73.97137","casual"
"168B0CA8E5C1D658","classic_bike","2021-08-03 16:08:40","2021-08-03 16:29:46","St Nicholas Ave & W 134 St","7837.30","St Nicholas Ave & W 134 St","7837.30","40.816234","-73.948222","40.816234","-73.948222","casual"
"C41D63E001B75582","classic_bike","2021-08-11 07:06:09","2021-08-11 07:23:51","Cherry St","5181.04","1 Ave & E 68 St","6822.09","40.71219906","-73.97948148","40.76500525","-73.95818491","casual"
"C531AF63F416932C","classic_bike","2021-08-18 17:38:52","2021-08-18 18:05:59","W 20 St & 7 Ave","6182.02","Vesey Pl & River Terrace","5297.02","40.74238787","-73.99726235","40.7153379","-74.01658354","casual"
"2686FB67368A0F5A","classic_bike","2021-08-30 16:37:52","2021-08-30 16:40:27","W 44 St & 11 Ave","6756.05","W 47 St & 10 Ave","6824.07","40.762009","-73.996975","40.76269882","-73.99301222","casual"
"E5F355DC1880E52E","classic_bike","2021-08-17 16:34:58","2021-08-17 16:42:39","Carroll St & 5 Ave","4060.09","Carroll St & Smith St","4225.14","40.6751622","-73.9814832","40.680611","-73.99475825","member"
"F46FC93DF710CC76","classic_bike","2021-08-31 14:40:11","2021-08-31 15:08:08","Broadway & E 21 St","6098.10","Little West St & 1 Pl","5001.08","40.739888408589955","-73.98958593606949","40.70569254","-74.01677685","casual"
"7390A6EF2AA6653C","classic_bike","2021-08-31 11:16:18","2021-08-31 11:21:50","Columbia St & Rivington St","5365.02","Stanton St & Mangin St","5326.06","40.71739973","-73.98016555","40.71782143","-73.97628939","member"
"FFB218ACBF6C76C5","classic_bike","2021-08-12 19:06:50","2021-08-12 19:14:58","Mercer St & Spring St","5532.01","Fulton St & Broadway","5175.08","40.72362738","-73.99949601","40.711066","-74.009447","member"
"80E6A83211811041","classic_bike","2021-08-21 18:38:14","2021-08-21 18:57:10","Park Ave & E 124 St","7682.01","E 78 St & 2 Ave","7057.07","40.8045555","-73.9396861","40.7727966","-73.95577801","casual"
"62725C9E5417D78B","classic_bike","2021-08-25 19:38:54","2021-08-25 20:03:59","12 Ave & W 40 St","6765.01","Suffolk St & Stanton St","5445.02","40.76087502","-74.00277668","40.72066442","-73.98517977","member"
"0082CC1AD0B0D7DF","classic_bike","2021-08-20 12:58:32","2021-08-20 13:04:48","W 26 St & 8 Ave","6297.02","Madison Ave & E 26 St","6131.12","40.74734825","-73.99723551","40.742684734875695","-73.98671329021454","casual"
"4E8F512ADC729280","classic_bike","2021-08-03 07:37:06","2021-08-03 07:50:03","E 7 St & Avenue A","5626.07","E 32 St & Park Ave","6280.12","40.72621788","-73.98379855","40.7457121","-73.98194829","casual"
"FC748DF18BDA26C0","classic_bike","2021-08-30 14:53:37","2021-08-30 14:56:03","E 84 St & 1 Ave","7180.02","1 Ave & E 94 St","7286.05","40.77565541","-73.95068615","40.7817212","-73.94594","member"
"E8649D078531CAC0","classic_bike","2021-08-20 23:48:51","2021-08-21 00:00:51","University Pl & E 8 St","5755.14","W 25 St & 6 Ave","6215.04","40.73143724085228","-73.99490341544151","40.74395411","-73.99144871","member"
"4076943C3E00AB5C","classic_bike","2021-08-19 19:40:31","2021-08-19 19:50:35","Pershing Square North","6432.09","E 20 St & FDR Drive","5886.02","40.751873","-73.977706","40.73314259","-73.97573881","casual"
"2BC6E3643393EA9E","classic_bike","2021-08-21 18:32:15","2021-08-21 18:41:39","Flushing Ave & Vanderbilt Ave","4762.05","Jay St & York St","4895.09","40.697950315695444","-73.97077560424805","40.701403172577244","-73.98672670125961","casual"
"802926B607FA09B3","classic_bike","2021-08-26 22:19:20","2021-08-26 22:26:50","Sullivan St & Washington Sq","5721.01","Mott St & Prince St","5561.04","40.73047747","-73.99906065","40.72317958","-73.99480012","casual"
"64D32841143BDEC1","classic_bike","2021-08-18 18:55:33","2021-08-18 19:04:56","Parade Pl & Crooke Ave","3376.02","Church Ave & McDonald Ave","3090.06","40.651847","-73.965248","40.642809","-73.979239","member"
"F1BD64ACFCE17F2E","classic_bike","2021-08-28 00:40:24","2021-08-28 00:50:54","Hudson St & W 13 St","6115.06","Howard St & Centre St","5422.04","40.74005708567285","-74.0052741765976","40.71910537","-73.99973337","member"
"4430B564D623D9D0","classic_bike","2021-08-19 21:56:59","2021-08-19 22:01:24","8 Ave & W 27 St","6297.07","8 Ave & W 38 St","6526.05","40.747968","-73.996637","40.75461","-73.99177","member"
"661E0853202F4389","classic_bike","2021-08-26 17:10:35","2021-08-26 18:22:50","Madison Ave & E 82 St","7188.13","5 Ave & E 78 St","7161.08","40.7781314","-73.96069399","40.77632142182271","-73.96427392959595","casual"
"5B1A2BD6CC5CEE2C","classic_bike","2021-08-16 11:49:49","2021-08-16 11:58:47","Lorimer St & Calyer St","5709.04","Graham Ave & Withers St","5403.04","40.72795","-73.95414","40.7169811","-73.94485918","member"
"0C252FAEB5F92C9E","classic_bike","2021-08-30 22:25:57","2021-08-30 22:47:56","Barrow St & Hudson St","5805.05","6 Ave & Canal St","5500.07","40.73172428","-74.00674436","40.72243797","-74.00566443","casual"
"BE2B103E5968E6D9","classic_bike","2021-08-05 17:32:12","2021-08-05 17:53:46","E 58 St & Madison Ave","6839.04","Amsterdam Ave & W 79 St","7311.02","40.76302594280519","-73.97209525108337","40.7829391","-73.9786517","casual"
"2B5D8FA30BB05F6B","classic_bike","2021-08-03 16:16:55","2021-08-03 16:55:43","Pier 40 - Hudson River Park","5696.03","E 19 St & 3 Ave","5938.01","40.7277140777778","-74.01129573583603","40.73624527","-73.98473765","member"
"BEB6B8CF458A31A3","classic_bike","2021-08-12 09:06:03","2021-08-12 09:12:42","West End Ave & W 94 St","7524.09","West End Ave & W 78 St","7340.07","40.7941654","-73.974124","40.783786","-73.981687","member"
"9994148043526044","classic_bike","2021-08-05 17:44:42","2021-08-05 17:59:47","W 17 St & 8 Ave","6148.02","St Marks Pl & 2 Ave","5669.10","40.74177603","-74.00149746","40.7284186","-73.98713956","member"
"4122ABF52F025F3B","classic_bike","2021-08-07 21:21:18","2021-08-07 21:29:17","W 50 St & 10 Ave","6890.06","W 50 St & 10 Ave","6890.06","40.764734200065185","-73.99194359779358","40.764734200065185","-73.99194359779358","member"
"CFDF9BC08A1B48C2","classic_bike","2021-08-27 09:28:01","2021-08-27 09:35:08","Lafayette Ave & St James Pl","4494.04","DeKalb Ave & Hudson Ave","4513.06","40.68851534","-73.9647628","40.689888","-73.981013","member"
"7BC2DB597EC50A81","classic_bike","2021-08-27 19:01:14","2021-08-27 19:13:19","W 21 St & 6 Ave","6140.05","8 Ave & W 33 St","6450.12","40.74173969","-73.99415556","40.751551","-73.993934","casual"
"903977FF24ECE6D9","classic_bike","2021-08-15 15:42:44","2021-08-15 16:30:36","W 55 St & 6 Ave","6809.09","Broadway & W 58 St","6948.10","40.763189","-73.978434","40.76695317","-73.98169333","casual"
"A23F63C494592817","classic_bike","2021-08-15 12:54:06","2021-08-15 13:06:17","Allen St & Stanton St","5484.09","Stanton St & Norfolk St","5445.07","40.722055","-73.989111","40.720747","-73.986274","member"
"31A30B193CA43A46","classic_bike","2021-08-07 09:28:57","2021-08-07 09:37:23","8 Ave & W 52 St","6816.07","Broadway & W 36 St","6441.01","40.76370739","-73.9851615","40.75097711","-73.98765428","casual"
"BC686AF292C70C2D","classic_bike","2021-08-11 11:22:20","2021-08-11 12:02:21","Grand Army Plaza & Central Park S","6839.10","3 Ave & E 62 St","6762.04","40.7643971","-73.97371465","40.76312584","-73.96526895","member"
"14369C5C5B5F7A64","classic_bike","2021-08-29 09:43:15","2021-08-29 09:47:44","W 20 St & 10 Ave","6306.01","8 Ave & W 31 St","6450.05","40.745686","-74.005141","40.7505853470215","-73.9946848154068","member"
"B6A65F5CB0BEED96","classic_bike","2021-08-07 00:44:35","2021-08-07 01:02:30","Albany Ave & Fulton St","4237.02","Bedford Ave & Nassau Ave","5550.05","40.6800105","-73.938475","40.72311651","-73.95212324","member"
"222EFDCAC02E1BB3","classic_bike","2021-08-30 12:40:02","2021-08-30 12:43:44","W 20 St & 10 Ave","6306.01","W 20 St & 7 Ave","6182.02","40.745686","-74.005141","40.74238787","-73.99726235","member"
"A76C57AB21DF9BDA","classic_bike","2021-08-21 15:32:27","2021-08-21 15:56:04","Vesey Pl & River Terrace","5297.02","Lexington Ave & E 26 St","6089.08","40.7153379","-74.01658354","40.741459","-73.983293","casual"
"99B6122138CE2447","classic_bike","2021-08-30 00:04:19","2021-08-30 00:10:14","University Pl & E 14 St","5905.14","Washington Pl & 6 Ave","5838.09","40.734814","-73.992085","40.73224119","-74.00026394","member"
"BB5ADDA006D6F7F9","classic_bike","2021-08-01 15:17:22","2021-08-01 15:24:23","E 48 St & 3 Ave","6541.03","E 33 St & 1 Ave","6197.08","40.7546011026","-73.971878855","40.74322681432173","-73.97449783980846","member"
"EB8DB5CC18AE3B98","classic_bike","2021-08-05 17:47:09","2021-08-05 17:48:40","31 St & Ditmars Blvd","7144.02","31 St & 21 Ave","7202.07","40.776168","-73.910485","40.77813","-73.90842","member"
"CCEA645FFC3058EA","classic_bike","2021-08-31 15:02:08","2021-08-31 15:58:08","W 147 St & Adam Clayton Powell Blvd","7971.07","","","40.82281","-73.937413","","","member"
"9BEA05B67F4AD6A4","classic_bike","2021-08-07 19:06:32","2021-08-07 19:32:56","India St Pier","5794.05","E 20 St & Park Ave","6055.08","40.731734785883454","-73.9612390102593","40.73827428","-73.98751968","casual"
"F3A902805E498178","classic_bike","2021-08-10 11:59:40","2021-08-10 12:16:07","Stanton St & Chrystie St","5523.02","Mercer St & Spring St","5532.01","40.72229346","-73.99147535","40.72362738","-73.99949601","casual"
"358BE38B513D01AD","classic_bike","2021-08-08 13:20:46","2021-08-08 13:42:47","West St & Chambers St","5329.03","W 21 St & 6 Ave","6140.05","40.71754834","-74.01322069","40.74173969","-73.99415556","member"
"BD8071E6424E9865","classic_bike","2021-08-18 14:48:48","2021-08-18 14:49:58","W 59 St & 10 Ave","7023.04","West End Ave & W 60 St","7059.08","40.770513","-73.988038","40.77237","-73.99005","member"
"ABBDEAD20628279C","classic_bike","2021-08-08 17:39:38","2021-08-08 17:41:36","Stanton St & Chrystie St","5523.02","Rivington St & Chrystie St","5453.01","40.72229346","-73.99147535","40.72110063","-73.9919254","member"
"84F1BCC3C617E5A5","classic_bike","2021-08-29 22:31:47","2021-08-29 22:32:44","Devoe St & Lorimer St","5259.06","Devoe St & Lorimer St","5259.06","40.71335226222875","-73.9491033554077","40.71335226222875","-73.9491033554077","member"
"4A53DA3C80D97F68","classic_bike","2021-08-08 14:02:50","2021-08-08 14:06:33","W 22 St & 10 Ave","6306.06","8 Ave & W 16 St","6072.11","40.74691959","-74.00451887","40.740983","-74.001702","member"
"2EDA961C7B715338","classic_bike","2021-08-19 21:21:40","2021-08-19 21:37:49","12 Ave & W 40 St","6765.01","8 Ave & W 52 St","6816.07","40.76087502","-74.00277668","40.76370739","-73.9851615","casual"
"731DC8714FB25EEA","classic_bike","2021-08-28 14:17:44","2021-08-28 14:31:11","E 97 St & 3 Ave","7365.08","Columbus Ave & W 95 St","7520.07","40.7859201","-73.94860294","40.7919557","-73.968087","casual"
"4CFC116A898D7A8B","classic_bike","2021-08-19 15:27:05","2021-08-19 15:29:25","Broadway & W 160 St","8157.06","Amsterdam Ave & W 156 St","8104.10","40.835775","-73.9434","40.832081","-73.942386","member"
"AD363D95F016D892","classic_bike","2021-08-28 10:20:41","2021-08-28 10:23:42","Smith St & 3 St","4151.01","Carroll St & Bond St","4184.07","40.6787242","-73.99599099","40.6786115","-73.99037292","member"
"08C48A8307C39FE6","classic_bike","2021-08-06 09:58:48","2021-08-06 10:03:47","MacDougal St & Washington Sq","5797.01","W Broadway & Spring St","5569.06","40.73226398","-73.99852205","40.72494672359416","-74.00165855884552","member"
"027E5FB793C3D59D","classic_bike","2021-08-28 00:25:24","2021-08-28 00:51:15","5 Ave & E 29 St","6248.06","Suffolk St & Stanton St","5445.02","40.7451677","-73.98683077","40.72066442","-73.98517977","casual"
"8048EB0BA5751A25","classic_bike","2021-08-09 21:55:16","2021-08-09 22:14:33","19 St & 24 Ave","7186.15","24 Ave & 29 St","7119.04","40.7774552","-73.9225403","40.7729","-73.916142","casual"
"E9765FCAC54547D4","classic_bike","2021-08-26 12:18:27","2021-08-26 12:27:09","E 11 St & Avenue B","5659.11","E 12 St & 3 Ave","5788.12","40.72746420692392","-73.97950418293476","40.73223272","-73.98889957","casual"
"67DFD52573A2A2EE","classic_bike","2021-08-20 07:45:05","2021-08-20 08:13:00","W 100 St & Broadway","7580.01","E 74 St & 1 Ave","6953.08","40.7973721","-73.97041192","40.7689738","-73.95482273","member"
"95914ADC2C8951E3","classic_bike","2021-08-17 11:37:56","2021-08-17 11:50:06","Caton Ave & E 10 St","3230.01","3 St & Prospect Park West","3865.05","40.648481","-73.97058","40.668132","-73.97363831","member"
"B68661299CA0FACC","classic_bike","2021-08-18 11:20:32","2021-08-18 11:25:02","Windsor Pl & Howard Pl","3579.04","10 St & 5 Ave","3842.08","40.659490558938955","-73.98013919591904","40.6686273","-73.98700053","casual"
"B4BC05551185E5B6","classic_bike","2021-08-04 18:12:13","2021-08-04 18:20:55","Washington Pl & 6 Ave","5838.09","W 18 St & 6 Ave","6064.08","40.73224119","-74.00026394","40.73971301","-73.99456405","member"
"EF9A49B984E00B72","classic_bike","2021-08-09 16:46:50","2021-08-09 16:50:59","Central Park S & 6 Ave","6876.04","Central Park S & 6 Ave","6876.04","40.76590936","-73.97634151","40.76590936","-73.97634151","casual"
"4E0B42845377EFF5","classic_bike","2021-08-29 15:09:33","2021-08-29 15:15:38","Waterloo Pl & Crotona Park East","8216.02","Westchester Ave & Southern Blvd","8004.03","40.839194","-73.888587","40.824956","-73.891677","member"
"DF68C9412D38A679","classic_bike","2021-08-20 18:33:27","2021-08-20 18:39:34","W 82 St & Central Park West","7304.08","West End Ave & W 94 St","7524.09","40.78275","-73.97137","40.7941654","-73.974124","casual"
"095F4D46F1F57100","classic_bike","2021-08-29 12:24:30","2021-08-29 12:55:39","Schermerhorn St & Court St","4565.04","St Johns Pl & Washington Ave","4001.09","40.69102925677968","-73.99183362722397","40.6737236","-73.9631611","casual"
"E6AFE461447E0A81","classic_bike","2021-08-07 14:09:43","2021-08-07 14:25:19","W 33 St & 7 Ave","6407.07","E 47 St & 2 Ave","6498.10","40.75019995","-73.99093085","40.75323098","-73.97032517","casual"
"0D5F5DE6339C16FB","classic_bike","2021-08-16 08:51:22","2021-08-16 09:07:06","Henry St & Grand St","5294.04","E 27 St & 1 Ave","6004.06","40.714211","-73.981095","40.739445","-73.976806","member"
"6CCFB0281D8C5E69","classic_bike","2021-08-24 16:52:06","2021-08-24 17:10:27","Frost St & Meeker Ave","5371.07","Frost St & Meeker Ave","5371.07","40.71766197083994","-73.94880026578903","40.71766197083994","-73.94880026578903","casual"
"33214A78736EF70A","classic_bike","2021-08-12 20:29:58","2021-08-12 20:39:08","E 84 St & 1 Ave","7180.02","E 84 St & 1 Ave","7180.02","40.77565541","-73.95068615","40.77565541","-73.95068615","member"
"5CF9B43E241B03FA","classic_bike","2021-08-12 10:25:47","2021-08-12 10:35:04","E 12 St & Ave C","5616.08","2 Ave & E 29 St","6122.09","40.727243","-73.976831","40.741723510974715","-73.97809267044067","member"
"C70940B5B48FB0BE","classic_bike","2021-08-06 19:15:35","2021-08-06 19:29:00","Front St & Washington St","4936.01","Clinton Ave & Flushing Ave","4762.04","40.70255088","-73.98940236","40.69794","-73.96986848","casual"
"656CF443D1A767F7","classic_bike","2021-08-31 17:47:24","2021-08-31 17:56:01","Henry St & Remsen St","4645.04","Commerce St & Van Brunt St","4243.01","40.69400964865994","-73.99465128779411","40.6812117","-74.00860912","member"
"82A0F744B2AE0D06","classic_bike","2021-08-16 15:02:57","2021-08-16 15:27:24","Harman St & Seneca Ave","5002.09","Fulton St & Waverly Ave","4345.11","40.70577","-73.91292","40.683238654603414","-73.96599590778351","casual"
"2DBA4E5AE5707FC9","classic_bike","2021-08-28 15:12:12","2021-08-28 15:27:37","24 St & 38 Ave","6581.14","21 St & Hoyt Ave S","7126.01","40.756351","-73.936515","40.774645","-73.923706","member"
"4A62DACDBB14ADB0","classic_bike","2021-08-19 12:16:16","2021-08-19 12:23:50","8 Ave & W 31 St","6450.05","2 Ave & E 29 St","6122.09","40.7505853470215","-73.9946848154068","40.741723510974715","-73.97809267044067","member"
"91D2A1C9AE01A0DC","classic_bike","2021-08-08 19:16:10","2021-08-08 19:25:28","E 51 St & 2 Ave","6575.03","2 Ave & E 29 St","6122.09","40.755293","-73.967641","40.741723510974715","-73.97809267044067","member"
"ED4798212B14862D","classic_bike","2021-08-12 17:34:34","2021-08-12 17:54:20","Fulton St & Waverly Ave","4345.11","Kent Ave & N 7 St","5489.03","40.683238654603414","-73.96599590778351","40.72036775298455","-73.96165072917938","casual"
"EA1D4C5B462FF67E","classic_bike","2021-08-12 09:49:56","2021-08-12 09:55:17","W 110 St & Amsterdam Ave","7646.04","W 120 St & Claremont Ave","7745.07","40.802692","-73.96295","40.8109494","-73.9634","member"
"0E9A89598287558C","classic_bike","2021-08-14 14:23:11","2021-08-14 14:34:39","Central Park West & W 85 St","7354.01","Broadway & W 58 St","6948.10","40.78476","-73.969862","40.76695317","-73.98169333","casual"
"A29749411B2C69CB","classic_bike","2021-08-24 13:47:13","2021-08-24 14:08:53","Harlem River Dr & W 155 St","8085.13","Dyckman St & Staff St","8655.02","40.830476","-73.939929","40.868846","-73.931537","casual"
"F234C5B90EA52E64","classic_bike","2021-08-07 17:49:10","2021-08-07 17:59:00","Mott St & Prince St","5561.04","E 20 St & 2 Ave","5971.08","40.72317958","-73.99480012","40.73587678","-73.98205027","member"
"3F2CBF42956EF0DD","classic_bike","2021-08-25 10:58:47","2021-08-25 11:05:46","Prospect Park West & 8 St","3722.04","Fulton St & Waverly Ave","4345.11","40.66514681533792","-73.97637605667114","40.683238654603414","-73.96599590778351","member"
"F439378A6C1ED0BD","classic_bike","2021-08-17 11:54:51","2021-08-17 11:57:56","E 17 St & Broadway","5980.07","E 15 St & 3 Ave","5863.07","40.73704984","-73.99009296","40.734232","-73.986923","member"
"2B5C442409BB0529","classic_bike","2021-08-20 14:04:06","2021-08-20 14:05:01","Forsyth St\t& Grand St","5382.07","Forsyth St\t& Grand St","5382.07","40.71779817737835","-73.99316132068634","40.71779817737835","-73.99316132068634","member"
"57172AB865E7C2E0","classic_bike","2021-08-16 16:16:21","2021-08-16 16:30:42","Mercer St & Spring St","5532.01","Henry St & Grand St","5294.04","40.72362738","-73.99949601","40.714211","-73.981095","casual"
"D9C1F1D23131479E","classic_bike","2021-08-19 17:39:01","2021-08-19 17:45:05","Bayard St & Leonard St","5442.05","Kent Ave & N 7 St","5489.03","40.71915571696044","-73.94885390996933","40.72036775298455","-73.96165072917938","casual"
"A1A599ECE5F975E5","classic_bike","2021-08-12 03:06:20","2021-08-12 03:08:04","Murray St & Greenwich St","5288.12","Vesey Pl & River Terrace","5297.02","40.714851505262516","-74.01122331619263","40.7153379","-74.01658354","member"
"4DA38A99F83CBC67","classic_bike","2021-08-21 13:45:19","2021-08-21 14:12:57","24 St & 41 Ave","6505.09","35 St & 30 Ave","6887.03","40.752474","-73.939991","40.76547569244953","-73.91811579465866","casual"
"2C3E1B2B441B1464","classic_bike","2021-08-05 19:10:11","2021-08-05 19:34:05","Jefferson St & Cypress Ave","5082.08","Greenpoint Ave & Manhattan Ave","5785.05","40.70907","-73.92157","40.73026","-73.95394","casual"
"973D25E6F4F745F5","classic_bike","2021-08-07 18:52:32","2021-08-07 18:58:59","3 St & Prospect Park West","3865.05","7 Ave & Park Pl","4125.07","40.668132","-73.97363831","40.6776147","-73.97324283","member"
"3D93057865EDC848","classic_bike","2021-08-28 10:52:24","2021-08-28 11:36:36","E Burnside Ave & Ryer Ave","8397.02","Brook Ave & E 148 St","7816.14","40.850535","-73.901318","40.814383","-73.915368","casual"
"90E010C489C44BD7","classic_bike","2021-08-05 14:16:06","2021-08-05 14:50:41","Adam Clayton Powell Blvd & W 118 St","7670.09","Adam Clayton Powell Blvd & W 118 St","7670.09","40.804372","-73.951475","40.804372","-73.951475","member"
"0C062E770F1E520C","classic_bike","2021-08-25 20:42:20","2021-08-25 21:11:20","12 Ave & W 40 St","6765.01","Pier 40 - Hudson River Park","5696.03","40.76087502","-74.00277668","40.7277140777778","-74.01129573583603","member"
"0B08E6FECE3CA405","classic_bike","2021-08-15 00:37:56","2021-08-15 01:02:50","Bergen St & 4 Ave","4322.06","Barclay St & Church St","5216.04","40.68256425759694","-73.9798977971077","40.71291224","-74.01020234","member"
"8744D485B7381F23","classic_bike","2021-08-24 00:34:40","2021-08-24 00:36:44","5 Ave & 41 St","3306.03","36 St & 4 Ave","3420.01","40.649983","-74.005144","40.654144","-74.00422","member"
"78E87A6470799910","classic_bike","2021-08-15 13:51:55","2021-08-15 13:55:27","W 13 St & 7 Ave","6030.04","University Pl & E 14 St","5905.14","40.73781509","-73.99994661","40.734814","-73.992085","member"
"4044291026E24CB9","classic_bike","2021-08-20 11:02:16","2021-08-20 11:36:38","Wythe Ave & Metropolitan Ave","5348.02","5 Ave & 37 St","3379.03","40.716887","-73.963198","40.652657","-74.002356","member"
"BD938EAA29A08415","classic_bike","2021-08-31 13:04:47","2021-08-31 13:08:34","St Marks Pl & 2 Ave","5669.10","Stanton St & Chrystie St","5523.02","40.7284186","-73.98713956","40.72229346","-73.99147535","casual"
"41C7FC2412C89D5D","classic_bike","2021-08-31 08:12:18","2021-08-31 08:31:48","Broadway & Moylan Pl","7823.03","Columbus Ave & W 72 St","7175.05","40.8143256","-73.9590255","40.7770575","-73.97898475","member"
"9AD8AED31BB483ED","docked_bike","2021-08-14 12:43:59","2021-08-14 13:06:16","12 Ave & W 40 St","6765.01","West St & Chambers St","5329.03","40.760875","-74.002777","40.717548","-74.013221","casual"
"F783D3EDD2E1902C","classic_bike","2021-08-02 16:51:05","2021-08-02 16:56:56","4 Ave & 3 St","4028.04","Prospect Pl & 6 Ave","4166.08","40.673746","-73.985649","40.6793307","-73.97519523","member"
"E3D9ED98632C0D9D","classic_bike","2021-08-04 16:25:26","2021-08-04 16:33:01","E 88 St & 1 Ave","7235.13","E 102 St & 1 Ave","7407.13","40.778301","-73.9488134","40.7869946","-73.94164802","member"
"B64A2107FBF28BA1","classic_bike","2021-08-04 06:53:02","2021-08-04 06:54:47","William St & Pine St","5065.12","Pearl St & Hanover Square","4993.02","40.70717936","-74.00887308","40.7047177","-74.00926027","member"
"F8209483677B821E","classic_bike","2021-08-14 12:12:06","2021-08-14 12:46:45","Warren St & Smith St","4371.01","63 St & 5 Ave","2872.02","40.685424009970184","-73.99127773940563","40.63766","-74.01782","member"
"4CF53B489FF537EC","classic_bike","2021-08-04 19:03:27","2021-08-04 19:19:26","E 19 St & 3 Ave","5938.01","Cliff St & Fulton St","5065.14","40.73624527","-73.98473765","40.70838","-74.00495","member"
"17E3E3B333185E4B","classic_bike","2021-08-15 18:39:55","2021-08-15 19:00:46","Grand St & Elizabeth St","5382.06","Avenue D & E 10 St","5575.13","40.718822","-73.99596","40.72506551015475","-73.97515833377838","member"
"7C80B2FDE5B02BA7","classic_bike","2021-08-05 16:02:48","2021-08-05 16:14:22","1 Ave & E 6 St","5626.15","E 47 St & 1 Ave","6498.09","40.72633085971696","-73.98616880178452","40.75206862","-73.96784384","casual"
"0A89D4C3CFAA3BA4","classic_bike","2021-08-31 08:17:29","2021-08-31 08:30:06","2 Ave & E 72 St","6925.09","E 81 St & 3 Ave","7154.07","40.7687620293096","-73.95840793848038","40.77573034","-73.9567526","member"
"C07719A0421D1A16","classic_bike","2021-08-10 13:23:34","2021-08-10 14:03:19","Sterling St & Bedford Ave","3665.06","Bayard St & Baxter St","5351.03","40.6627059","-73.9569115","40.71602118","-73.99974372","casual"
"5A39CA477F4CFA43","classic_bike","2021-08-24 01:42:32","2021-08-24 01:48:28","Allen St & Stanton St","5484.09","Norfolk St & Broome St","5374.01","40.722055","-73.989111","40.7172274","-73.98802084","casual"
"E05DE7ADC4C50537","classic_bike","2021-08-18 11:13:01","2021-08-18 11:22:11","Greenwich Ave & Charles St","5914.08","E 17 St & Broadway","5980.07","40.735238","-74.000271","40.73704984","-73.99009296","member"
"5712EB7D0C6D4EBA","classic_bike","2021-08-15 10:24:27","2021-08-15 10:33:47","St. Nicholas Ave & W 126 St","7756.10","Central Park W & W 103 St","7577.27","40.8114323","-73.9518776","40.79558954105342","-73.96188408136368","casual"
"838379F00EE5DC08","classic_bike","2021-08-02 21:50:54","2021-08-02 21:59:43","E 17 St & Broadway","5980.07","Grand St & Elizabeth St","5382.06","40.73704984","-73.99009296","40.718822","-73.99596","member"
"3806A1867A7AD3FE","classic_bike","2021-08-26 11:27:08","2021-08-26 11:27:38","6 Ave & W 34 St","6364.10","6 Ave & W 34 St","6364.10","40.74964","-73.98805","40.74964","-73.98805","casual"
"F45DFA4C24DB0D58","docked_bike","2021-08-07 14:05:18","2021-08-07 14:36:31","5 Ave & E 72 St","7100.07","7 Ave & Central Park South","6912.01","40.772828","-73.966853","40.766741","-73.979069","casual"
"F52C95ED729B074B","classic_bike","2021-08-06 19:51:40","2021-08-06 19:59:54","Central Park West & W 85 St","7354.01","W 63 St & Broadway","7052.01","40.78476","-73.969862","40.77163851","-73.98261428","member"
"70558B76DC808BB9","classic_bike","2021-08-05 16:02:32","2021-08-05 16:07:24","E 44 St & 2 Ave","6422.09","W 44 St & 5 Ave","6551.02","40.75118387463277","-73.97138714790344","40.75500254","-73.98014437","member"
"277DFC50DDB7A601","classic_bike","2021-08-24 22:20:46","2021-08-24 22:39:22","E 12 St & 3 Ave","5788.12","W 56 St & 10 Ave","6955.01","40.73223272","-73.98889957","40.768254","-73.988639","member"
"0C821AF2F40B60AE","classic_bike","2021-08-10 18:03:53","2021-08-10 18:22:29","Spring St & Hudson St","5653.12","10 Ave & W 28 St","6459.04","40.72583996792375","-74.0076532959938","40.75066386","-74.00176802","member"
"2648A9268803FB5D","classic_bike","2021-08-27 09:43:28","2021-08-27 09:54:54","Washington St & Barrow St","5847.08","10 Ave & W 28 St","6459.04","40.73191132323174","-74.008769094944","40.75066386","-74.00176802","member"
"2EF59C7A6DF34CF3","classic_bike","2021-08-29 10:43:43","2021-08-29 10:59:40","Jackson Ave & 46 Rd","6203.02","Crescent St & 34 Ave","6759.15","40.74524768","-73.94733276","40.76108","-73.930562","member"
"49CACDE5D14CBC02","classic_bike","2021-08-05 12:20:31","2021-08-05 12:37:47","Spruce St & Gold St","5137.13","Catherine St & Monroe St","5128.04","40.7103231","-74.0043228","40.71117444","-73.99682619","member"
"08DDED27658C1ED3","classic_bike","2021-08-05 09:12:29","2021-08-05 09:31:12","Clinton St & Joralemon St","4605.04","Howard St & Centre St","5422.04","40.69239502","-73.99337909","40.71910537","-73.99973337","casual"
"E133E2C8EB75C21C","classic_bike","2021-08-09 11:28:55","2021-08-09 11:50:10","Avenue D & E 10 St","5575.13","W 42 St & 6 Ave","6517.08","40.72506551015475","-73.97515833377838","40.75492","-73.98455","casual"
"A8C730CF2D6ED0C6","classic_bike","2021-08-26 17:45:30","2021-08-26 17:50:15","Meserole Ave & Manhattan Ave","5666.04","N 11 St & Kent Ave","5489.04","40.72708584","-73.95299117","40.72248188638219","-73.95921930670738","casual"
"C6F3556004A090E4","classic_bike","2021-08-17 11:21:06","2021-08-17 11:28:06","Broadway & W 37 St","6441.02","W 20 St & 7 Ave","6182.02","40.75172632","-73.98753523","40.74238787","-73.99726235","casual"
"3E9DEB50C8F067A2","classic_bike","2021-08-28 20:00:30","2021-08-28 20:04:08","E 31 St & 3 Ave","6239.08","Lexington Ave & E 36 St","6313.10","40.74394314","-73.97966069","40.747573958954796","-73.9788007736206","casual"
"EA3B0C486A38A583","classic_bike","2021-08-19 17:18:33","2021-08-19 17:40:27","7 Ave & Central Park South","6912.01","5 Ave & E 93 St","7372.10","40.7667405590595","-73.9790689945221","40.7857851","-73.957481","casual"
"0F867E62CDF9B61C","classic_bike","2021-08-10 00:19:21","2021-08-10 00:20:09","10 Ave & W 14 St","6157.04","W 15 St & 10 Ave","6115.09","40.741981599940225","-74.00831580162048","40.742753828659026","-74.00747358798981","member"
"E3E78F6E05D2A77C","classic_bike","2021-08-04 16:08:36","2021-08-04 16:26:40","Linden St & Knickerbocker Ave","4743.04","Bedford Ave & Nassau Ave","5550.05","40.69714","-73.91566","40.72311651","-73.95212324","member"
"187A00B12EB155C7","classic_bike","2021-08-13 10:09:04","2021-08-13 11:05:26","Little West St & 1 Pl","5001.08","Riverside Blvd & W 67 St","7183.03","40.70569254","-74.01677685","40.777507027547976","-73.98888587951659","member"
"842741FA42F9D3CA","classic_bike","2021-08-25 18:55:21","2021-08-25 19:03:58","Lafayette St & Jersey St","5561.06","6 Ave & Broome St","5610.09","40.72456089","-73.99565293","40.72431","-74.00473","member"
"D4B9559983754E8F","classic_bike","2021-08-08 13:20:08","2021-08-08 13:37:30","W 22 St & 8 Ave","6224.03","Carmine St & 6 Ave","5763.03","40.74475148","-73.99915362","40.73038599","-74.00214988","casual"
"7726CDDA62B843BE","classic_bike","2021-08-03 18:18:34","2021-08-03 18:22:43","E 118 St & 1 Ave","7596.10","E 118 St & 1 Ave","7596.10","40.79747","-73.93504","40.79747","-73.93504","member"
"40B0A3A27CC5DCCD","classic_bike","2021-08-28 10:57:44","2021-08-28 11:11:43","45 St & 4 Ave","3275.03","12 St & 4 Ave","3882.01","40.649145","-74.009486","40.668603","-73.9904394","member"
"180C7307A55EBE9B","classic_bike","2021-08-17 12:15:30","2021-08-17 12:20:56","E 33 St & 1 Ave","6197.08","E 39 St & 2 Ave","6345.08","40.74322681432173","-73.97449783980846","40.748033194287665","-73.973827958107","member"
"C1FE0431E192CF20","classic_bike","2021-08-18 11:40:15","2021-08-18 11:45:53","Cooper Square & Astor Pl","5712.03","E 17 St & Broadway","5980.07","40.72951496224949","-73.99075269699097","40.73704984","-73.99009296","member"
"196239367E4D8264","classic_bike","2021-08-06 22:48:40","2021-08-06 22:54:14","W 87 St & Amsterdam Ave","7458.03","W 87 St & Amsterdam Ave","7458.03","40.78839","-73.9747","40.78839","-73.9747","member"
"26BD6AA336C39500","classic_bike","2021-08-05 17:42:38","2021-08-05 17:52:07","Broadway & W 38 St","6560.15","W 26 St & 10 Ave","6382.05","40.7529728216068","-73.98734897375107","40.749717753","-74.002950346","member"
"D3E733CFE82F6B16","docked_bike","2021-08-18 17:57:16","2021-08-18 18:25:03","W 67 St & Broadway","7116.04","W 30 St & 10 Ave","6459.07","40.774925","-73.982666","40.752694","-74.002353","casual"
"FE79AA9CAA4FD686","classic_bike","2021-08-28 21:16:58","2021-08-28 21:48:09","Broadway & Kosciuszko St","4608.01","E 11 St & 1 Ave","5746.14","40.69329","-73.92852","40.72953837","-73.98426726","casual"
"F8146F7BB7E12A70","classic_bike","2021-08-09 10:48:47","2021-08-09 10:51:47","W 180 St & Ft Washington Ave","8358.03","W 169 St & Fort Washington Ave","8282.13","40.849972","-73.938423","40.8428422","-73.9421253","member"
"6C51FC3EBA4D5B78","classic_bike","2021-08-11 09:34:25","2021-08-11 09:51:29","W 25 St & 6 Ave","6215.04","Broadway & W 51 St","6779.04","40.74395411","-73.99144871","40.76228826","-73.98336183","member"
"D66951670A643A9B","classic_bike","2021-08-04 11:30:53","2021-08-04 11:46:14","E 4 St & 2 Ave","5593.04","E 6 St & Avenue B","5584.04","40.7262807","-73.98978041","40.72453734","-73.98185424","casual"
"7743833DFB73967E","classic_bike","2021-08-04 06:58:08","2021-08-04 07:44:50","35 St & 30 Ave","6887.03","34 St & 38 Ave","6453.02","40.76547569244953","-73.91811579465866","40.752443","-73.929737","member"
"AE49BA36982E3039","classic_bike","2021-08-13 18:38:20","2021-08-13 18:40:43","E 12 St & Ave C","5616.08","E 13 St & Avenue A","5779.09","40.727243","-73.976831","40.72966729392978","-73.98067966103554","casual"
"B60A25B1104B4946","classic_bike","2021-08-14 10:47:32","2021-08-14 11:30:35","Brook Ave & E 138 St","7707.08","Brook Ave & E 148 St","7816.14","40.807408","-73.91924","40.814383","-73.915368","member"
"2DC0646EAE9BF180","classic_bike","2021-08-06 21:39:06","2021-08-06 21:44:07","7 Ave & Central Park South","6912.01","W 59 St & 10 Ave","7023.04","40.7667405590595","-73.9790689945221","40.770513","-73.988038","member"
"C4A2A0FFE582635B","classic_bike","2021-08-03 06:48:11","2021-08-03 06:59:03","State St & Smith St","4565.06","Lefferts Pl & Franklin Ave","4222.02","40.68926942","-73.98912867","40.680342423","-73.9557689392","member"
"534CD5D29D0048AB","classic_bike","2021-08-20 09:02:44","2021-08-20 09:08:43","6 Ave & W 45 St","6593.15","E 58 St & Madison Ave","6839.04","40.756951","-73.982631","40.76302594280519","-73.97209525108337","member"
"DA0693DC22227B07","classic_bike","2021-08-28 21:06:32","2021-08-28 21:22:28","E 10 St & Avenue A","5659.05","Lafayette St & E 8 St","5788.13","40.72740794","-73.98142006","40.73020660529954","-73.99102628231049","casual"
"1EF76B0D7E79AF49","classic_bike","2021-08-31 08:48:52","2021-08-31 08:55:24","W 13 St & 7 Ave","6030.04","W 26 St & 10 Ave","6382.05","40.73781509","-73.99994661","40.749717753","-74.002950346","member"
"C62923F112ABF32A","classic_bike","2021-08-09 09:35:07","2021-08-09 09:46:16","Franklin Ave & Myrtle Ave","4715.01","Lincoln Pl & Classon Ave","3960.01","40.694546087246025","-73.95801365375519","40.6721683","-73.9609","casual"
"8F38F71449C35312","classic_bike","2021-08-20 20:17:23","2021-08-20 20:21:03","Greenwich Ave & 8 Ave","6072.06","W 20 St & 7 Ave","6182.02","40.7390169121","-74.0026376103","40.74238787","-73.99726235","casual"
"1A7AD22DFFEF2624","classic_bike","2021-08-01 03:37:21","2021-08-01 03:44:34","Franklin St & Dupont St","5944.01","Greenpoint Ave & Manhattan Ave","5785.05","40.73564","-73.95866","40.73026","-73.95394","member"
"EFED48CE352FA72E","classic_bike","2021-08-31 00:26:43","2021-08-31 00:31:37","W 15 St & 6 Ave","5989.02","E 20 St & Park Ave","6055.08","40.738046142482766","-73.99642959237099","40.73827428","-73.98751968","casual"
"5CCA7361D99B0756","classic_bike","2021-08-25 08:51:28","2021-08-25 09:02:11","E 102 St & Park Ave","7488.24","E 115 St & Madison Ave","7599.02","40.7904828","-73.95033068","40.7989445","-73.944846","casual"
"471CA192EDB857EC","classic_bike","2021-08-05 12:59:40","2021-08-05 13:10:42","Sands St Gate","4812.04","Kent Ave & S 11 St","5062.01","40.699569","-73.979827","40.707644944175705","-73.96841526031494","member"
"68B87AC6BB7B6B1E","classic_bike","2021-08-27 21:24:03","2021-08-27 21:25:11","4 Ave & 17 St","3739.06","4 Ave & 17 St","3739.06","40.665507","-73.993037","40.665507","-73.993037","member"
"374098AAFD579740","classic_bike","2021-08-31 18:05:14","2021-08-31 18:31:24","Hope St & Union Ave","5187.03","Franklin Ave & St Marks Ave","4107.05","40.71167351","-73.95141312","40.6758324","-73.9561677","casual"
"79556B523520515A","classic_bike","2021-08-31 15:58:33","2021-08-31 16:15:09","West End Ave & W 60 St","7059.08","W 100 St & Broadway","7580.01","40.77237","-73.99005","40.7973721","-73.97041192","member"
"EA8A95C2B4EC925A","classic_bike","2021-08-12 13:32:28","2021-08-12 13:50:58","E 6 St & Avenue D","5506.14","Allen St & Hester St","5342.10","40.72228087","-73.97668709","40.71605866","-73.99190759","member"
"6CC2FF4385B83C55","classic_bike","2021-08-26 07:56:35","2021-08-26 08:13:53","Park Ave & E 124 St","7682.01","W 113 St & Broadway","7713.01","40.8045555","-73.9396861","40.805973","-73.964928","casual"
"778A0F235CD60298","classic_bike","2021-08-25 19:08:06","2021-08-25 19:21:40","S 5 Pl & S 5 St","5125.03","Stanton St & Mangin St","5326.06","40.710451","-73.960876","40.71782143","-73.97628939","member"
"B5FF1DA349EEE5FF","classic_bike","2021-08-31 15:03:52","2021-08-31 15:14:14","E 9 St & Avenue C","5616.01","Stanton St & Chrystie St","5523.02","40.72521311","-73.97768752","40.72229346","-73.99147535","member"
"2208C801ADCB2561","classic_bike","2021-08-31 18:37:18","2021-08-31 19:20:01","Broadway & W 58 St","6948.10","Greenwich Ave & Charles St","5914.08","40.76695317","-73.98169333","40.735238","-74.000271","casual"
"8295BD8BC0D0BEB6","classic_bike","2021-08-18 10:33:14","2021-08-18 10:40:17","Stagg St & Union Ave","5117.05","Union Ave & N 12 St","5411.07","40.70877084","-73.95095259","40.71924","-73.95242","member"
"9322858D5EBB5C62","classic_bike","2021-08-13 11:30:57","2021-08-13 11:48:45","5 Ave & E 87 St","7323.09","Broadway & W 36 St","6441.01","40.78231448346993","-73.95980536937714","40.75097711","-73.98765428","member"
"0B4A89EE70A7A58C","classic_bike","2021-08-28 17:20:47","2021-08-28 17:40:08","Adams St & Prospect St","4821.10","Forsyth St & Canal St","5270.07","40.700763083261506","-73.98869812488556","40.7158155","-73.99422366","member"
"13AF1E398DCF9A28","classic_bike","2021-08-31 17:33:26","2021-08-31 17:50:38","Suffolk St & Stanton St","5445.02","Bedford Ave & Nassau Ave","5550.05","40.72066442","-73.98517977","40.72311651","-73.95212324","member"
"67B99B1C17B32E0C","classic_bike","2021-08-07 22:18:38","2021-08-07 22:40:09","Vernon Blvd & 50 Ave","6170.02","Wyckoff Av & Stanhope St","4931.05","40.74232744","-73.95411749","40.703545","-73.917775","member"
"B7A8ABA28FD714F4","classic_bike","2021-08-03 22:20:43","2021-08-03 22:28:55","31 St & 23 Ave","7144.01","Astoria Park S & Shore Blvd","7159.08","40.7747878","-73.9125551","40.7767","-73.927631","casual"
"AF2AEB022F162AF7","classic_bike","2021-08-11 23:12:38","2021-08-11 23:32:13","W 21 St & 6 Ave","6140.05","E 47 St & 1 Ave","6498.09","40.74173969","-73.99415556","40.75206862","-73.96784384","member"
"BF7D36AEC2E8E578","classic_bike","2021-08-20 09:54:32","2021-08-20 10:00:30","W 116 St & Amsterdam Ave","7692.11","Amsterdam Ave & W 131 St","7842.16","40.8067581","-73.9607082","40.816355","-73.954295","casual"
"AE389C138AAE2BE2","classic_bike","2021-08-11 05:17:36","2021-08-11 05:27:00","Stagg St & Union Ave","5117.05","Bedford Ave & Nassau Ave","5550.05","40.70877084","-73.95095259","40.72311651","-73.95212324","casual"
"91A1B8BEB53FFA6C","classic_bike","2021-08-27 12:30:36","2021-08-27 13:04:12","E 20 St & 2 Ave","5971.08","Prospect Park West & 8 St","3722.04","40.73587678","-73.98205027","40.66514681533792","-73.97637605667114","member"
"C7E31751B1042280","classic_bike","2021-08-02 18:00:28","2021-08-02 18:10:20","West End Ave & W 60 St","7059.08","W 84 St & Broadway","7409.08","40.77237","-73.99005","40.7867947","-73.977112","member"
"1063DF954BB14B03","docked_bike","2021-08-28 19:09:53","2021-08-28 19:33:29","Washington Park","4546.05","Union Ave & Wallabout St","4818.03","40.691782","-73.97373","40.700295","-73.950323","casual"
"A89F4C532D874308","classic_bike","2021-08-07 03:12:49","2021-08-07 03:40:44","Kent Ave & N 7 St","5489.03","Suffolk St & Stanton St","5445.02","40.72036775298455","-73.96165072917938","40.72066442","-73.98517977","member"
"011E9C9E020B4F19","classic_bike","2021-08-15 09:53:56","2021-08-15 10:05:49","E 5 St & Cooper Sq","5712.12","W 26 St & 8 Ave","6297.02","40.72769","-73.990993","40.74734825","-73.99723551","casual"
"E6772403C3EA4E46","classic_bike","2021-08-27 15:51:18","2021-08-27 16:00:35","E 102 St & 1 Ave","7407.13","2 Ave & E 96 St","7338.02","40.7869946","-73.94164802","40.7839636","-73.9471673","casual"
"F8EBE9131008D7F0","classic_bike","2021-08-04 18:13:29","2021-08-04 18:27:33","E 58 St & 3 Ave","6762.02","W 54 St & 11 Ave","6955.05","40.76095756","-73.96724467","40.768333","-73.992573","member"
"3FE3334C3B6C0F9D","classic_bike","2021-08-05 21:51:55","2021-08-05 22:04:06","E 9 St & 5 Ave","5872.10","1 Ave & E 16 St","5779.08","40.73275887045087","-73.99581670761108","40.73221853","-73.98165557","member"
"8358DE31A6F099A0","classic_bike","2021-08-08 11:56:24","2021-08-08 12:40:29","Lafayette Ave & Fort Greene Pl","4395.04","Center Blvd & 51 Ave","6179.07","40.68691865","-73.976682","40.743366080270214","-73.95960688591003","casual"
"EBECB5A601776869","classic_bike","2021-08-06 13:28:23","2021-08-06 13:32:32","E 102 St & 1 Ave","7407.13","2 Ave & E 96 St","7338.02","40.7869946","-73.94164802","40.7839636","-73.9471673","member"
"265F1164CAC7FD2A","classic_bike","2021-08-06 08:54:00","2021-08-06 09:03:50","Hanson Pl & Ashland Pl","4395.07","Berkeley Pl & 7 Ave","4051.01","40.68506807308177","-73.97790759801863","40.675146838709786","-73.97523209452629","member"
"B066C7FCDD76F61F","docked_bike","2021-08-15 14:15:50","2021-08-15 15:39:29","Courtlandt Ave & E 149 St","7840.05","E 161 St & River Ave","8041.07","40.816402","-73.919549","40.827883","-73.927111","casual"
"63085097BD963B1F","classic_bike","2021-08-23 17:12:56","2021-08-23 17:31:28","Pier 40 - Hudson River Park","5696.03","E 27 St & Park Ave S","6131.13","40.7277140777778","-74.01129573583603","40.74275179648995","-73.9847157150507","member"
"3952230F8F6CD5D6","classic_bike","2021-08-19 19:37:43","2021-08-19 19:43:12","Division St & Bowery","5270.08","Lispenard St & Broadway","5391.06","40.714193","-73.996732","40.71939226","-74.00247214","member"
"E7DD4CFCAACAC014","classic_bike","2021-08-18 21:28:47","2021-08-18 21:37:17","E 20 St & Park Ave","6055.08","Mott St & Prince St","5561.04","40.73827428","-73.98751968","40.72317958","-73.99480012","member"
"CD85CDF8D33F0983","classic_bike","2021-08-28 19:28:43","2021-08-28 19:56:18","Forsyth St & Broome St","5453.05","6 Ave & W 45 St","6593.15","40.71893904","-73.99266288","40.756951","-73.982631","member"
"4E1D08B027D79F44","classic_bike","2021-08-20 18:02:46","2021-08-20 18:25:26","Monroe St & Tompkins Ave","4434.06","Huron St & Franklin St","5869.04","40.686203","-73.944694","40.73266","-73.95826","casual"
"A5F8BF8CA3BEBA47","classic_bike","2021-08-15 19:55:15","2021-08-15 20:04:08","University Pl & E 8 St","5755.14","Stanton St & Chrystie St","5523.02","40.73143724085228","-73.99490341544151","40.72229346","-73.99147535","casual"
"4F67C4D13991CD9B","classic_bike","2021-08-17 06:38:58","2021-08-17 06:47:02","Lexington Ave & E 24 St","6089.07","W 33 St & 7 Ave","6407.07","40.74025878","-73.98409214","40.75019995","-73.99093085","member"
"1A620D62295058BE","classic_bike","2021-08-06 17:34:14","2021-08-06 17:40:35","E 63 St & 3 Ave","6830.02","Central Park S & 6 Ave","6876.04","40.763954","-73.9646","40.76590936","-73.97634151","member"
"4528D831A48DA691","classic_bike","2021-08-17 12:18:30","2021-08-17 13:16:07","5 Ave & E 29 St","6248.06","E 2 St & 2 Ave","5593.02","40.7451677","-73.98683077","40.72502876","-73.99069656","casual"
"9401F9AC078F437F","classic_bike","2021-08-30 10:27:52","2021-08-30 10:39:30","E 27 St & 1 Ave","6004.06","Broadway & E 14 St","5905.12","40.739445","-73.976806","40.73454567","-73.99074142","casual"
"E322A52300874B7E","classic_bike","2021-08-19 22:29:38","2021-08-19 22:40:07","Clinton St & Union St","4266.03","Duffield St & Willoughby St","4596.05","40.6831164","-73.99785267","40.69221589","-73.9842844","member"
"C49CDB5907F7C198","classic_bike","2021-08-25 11:47:51","2021-08-25 11:51:18","2 Ave & E 96 St","7338.02","2 Ave & E 104 St","7436.11","40.7839636","-73.9471673","40.7892105","-73.94370784","casual"
"880FAFB4183FE348","classic_bike","2021-08-29 21:24:21","2021-08-29 21:34:48","W 82 St & Central Park West","7304.08","7 Ave & Central Park South","6912.01","40.78275","-73.97137","40.7667405590595","-73.9790689945221","casual"
"AA7F5D2EE72F307A","classic_bike","2021-08-05 17:16:32","2021-08-05 17:49:26","Icahn Stadium","7514.01","East End Ave & E 86 St","7113.08","40.79346","-73.92389","40.77518615","-73.94446054","member"
"64CFF329D99893F9","classic_bike","2021-08-10 10:53:53","2021-08-10 10:59:59","Carmine St & 6 Ave","5763.03","MacDougal St & Prince St","5687.04","40.73038599","-74.00214988","40.72710258","-74.00297088","casual"
"A3F68F99CE9320F9","classic_bike","2021-08-19 18:02:57","2021-08-19 18:25:36","W 30 St & 10 Ave","6459.07","Columbus Ave & W 72 St","7175.05","40.752694","-74.002353","40.7770575","-73.97898475","member"
"B895574BDACBB749","classic_bike","2021-08-18 19:46:54","2021-08-18 19:59:39","West St & Liberty St","5184.08","Perry St & Bleecker St","5922.07","40.711444","-74.014847","40.73535398","-74.00483091","member"
"982D570850AE2210","classic_bike","2021-08-15 19:06:14","2021-08-15 19:21:59","Shore Blvd & Astoria Park","7271.01","Astoria Park S & Shore Blvd","7159.08","40.77977","-73.923162","40.7767","-73.927631","member"
"9FE42D1C537292E0","classic_bike","2021-08-14 18:41:55","2021-08-14 18:50:05","12 Ave & W 40 St","6765.01","W 20 St & 10 Ave","6306.01","40.76087502","-74.00277668","40.745686","-74.005141","member"
"7F5D703EEDF5ADDA","classic_bike","2021-08-15 13:56:15","2021-08-15 14:07:39","E 13 St & Avenue A","5779.09","Perry St & Bleecker St","5922.07","40.72966729392978","-73.98067966103554","40.73535398","-74.00483091","member"
"9AC197CE411F2F4E","docked_bike","2021-08-03 15:45:55","2021-08-03 15:53:47","Central Park West & W 85 St","7354.01","W 82 St & Central Park West","7304.08","40.78476","-73.969862","40.78275","-73.97137","casual"
"8EFD0802A96D956C","classic_bike","2021-08-09 18:43:19","2021-08-09 18:46:54","Mercer St & Spring St","5532.01","Lafayette St & Jersey St","5561.06","40.72362738","-73.99949601","40.72456089","-73.99565293","member"
"F0B7A8F01AE6B27E","classic_bike","2021-08-25 13:41:10","2021-08-25 13:51:46","W 110 St & Amsterdam Ave","7646.04","E 106 St & Lexington Ave","7504.18","40.802692","-73.96295","40.791976","-73.945993","casual"
"50D0ED801257335A","classic_bike","2021-08-27 17:55:28","2021-08-27 18:05:29","W 37 St & 10 Ave","6611.02","Broadway & W 58 St","6948.10","40.75660359","-73.9979009","40.76695317","-73.98169333","casual"
"3FFEF1959571FC15","classic_bike","2021-08-16 10:51:02","2021-08-16 10:53:05","Broadway & Berry St","5164.04","S 5 Pl & S 5 St","5125.03","40.71044554","-73.96525063","40.710451","-73.960876","member"
"2060B5B297D1EB87","classic_bike","2021-08-30 16:47:43","2021-08-30 16:51:34","E 23 St & 1 Ave","5929.01","Stuyvesant Walk & 1 Av Loop","5854.10","40.736502","-73.97809472","40.732339777151054","-73.97898383438587","member"
"EF583B59742EB00A","classic_bike","2021-08-01 07:54:05","2021-08-01 07:59:09","1 Ave & E 18 St","5854.09","E 20 St & Park Ave","6055.08","40.733812191966315","-73.98054420948029","40.73827428","-73.98751968","member"
"71D15BEE0FC85B77","classic_bike","2021-08-02 13:55:53","2021-08-02 14:16:51","Clinton St\t& Cherry St","5190.09","Broadway & E 14 St","5905.12","40.711471394469264","-73.98672603070736","40.73454567","-73.99074142","member"
"7AB7B82700D3881E","classic_bike","2021-08-05 20:48:28","2021-08-05 21:08:40","23 Ave & 27 St","7178.02","27 St & Hunter St","6310.06","40.776165","-73.9153175","40.7485","-73.941275","member"
"56B6D761CA81AE5A","classic_bike","2021-08-01 19:41:20","2021-08-01 20:49:07","W 44 St & 11 Ave","6756.05","W 110 St & Amsterdam Ave","7646.04","40.762009","-73.996975","40.802692","-73.96295","casual"
"626077F88EC67009","classic_bike","2021-08-26 18:39:36","2021-08-26 18:42:44","Van Brunt St & Wolcott St","4095.03","Commerce St & Van Brunt St","4243.01","40.6773429","-74.01275056","40.6812117","-74.00860912","member"
"22D48404038806E7","classic_bike","2021-08-06 11:03:34","2021-08-06 11:10:33","Kingsland Ave & Nassau Ave","5613.04","Driggs Ave & N 9 St","5411.08","40.72577","-73.94173","40.71816969454208","-73.95520135760307","member"
"B09797EF1D62D1FC","classic_bike","2021-08-18 22:45:22","2021-08-18 23:04:25","Allen St & Rivington St","5414.06","Little West St & 1 Pl","5001.08","40.72019576","-73.98997825","40.70569254","-74.01677685","casual"
"90C949AB8425CF7D","classic_bike","2021-08-24 17:57:50","2021-08-24 18:13:58","Ditmars Blvd & 48 St","6935.01","Astoria Park S & Shore Blvd","7159.08","40.769219","-73.901001","40.7767","-73.927631","casual"
"8203518C33BB13DE","classic_bike","2021-08-09 09:02:46","2021-08-09 09:06:07","E 27 St & 1 Ave","6004.06","2 Ave & E 29 St","6122.09","40.739445","-73.976806","40.741723510974715","-73.97809267044067","casual"
"30BEC93D7787697D","classic_bike","2021-08-17 23:27:34","2021-08-17 23:28:02","Division Ave & Marcy Ave","5084.03","Division Ave & Marcy Ave","5084.03","40.70708701","-73.95796783","40.70708701","-73.95796783","casual"
"F49F4FDB94FFC6DE","classic_bike","2021-08-06 14:16:53","2021-08-06 14:36:21","E 13 St & Avenue A","5779.09","E 5 St & Avenue C","5545.04","40.72966729392978","-73.98067966103554","40.72299208","-73.97995466","casual"
"6C2ED75D0476CB07","classic_bike","2021-08-04 23:52:14","2021-08-04 23:59:33","Fulton St & William St","5137.11","Howard St & Centre St","5422.04","40.70960089363537","-74.00655090808868","40.71910537","-73.99973337","member"
"55EB3386A142A916","classic_bike","2021-08-06 17:33:51","2021-08-06 17:46:05","West End Ave & W 94 St","7524.09","Old Broadway & W 133 St","7881.09","40.7941654","-73.974124","40.818212","-73.955277","casual"
"26BDE86B3476398A","classic_bike","2021-08-24 06:07:48","2021-08-24 06:15:44","Pershing Square North","6432.09","11 Ave & W 41 St","6726.01","40.751873","-73.977706","40.76030096","-73.99884222","member"
"5FC4297168198051","classic_bike","2021-08-13 22:44:13","2021-08-13 22:46:10","E 16 St & 5 Ave","6022.04","University Pl & E 14 St","5905.14","40.73726186","-73.99238967","40.734814","-73.992085","member"
"AE6A992DB9A14F11","classic_bike","2021-08-06 19:50:29","2021-08-06 20:17:32","Frederick Douglass Blvd & W 129 St","7795.09","St Nicholas Ave & W 134 St","7837.30","40.8125511","-73.9492286","40.816234","-73.948222","casual"
"14E19EE59ACE29BB","classic_bike","2021-08-05 19:06:24","2021-08-05 20:02:48","Broadway & W 56 St","6847.02","Broadway & W 56 St","6847.02","40.7652654","-73.98192338","40.7652654","-73.98192338","casual"
"EC7809F0786CF809","classic_bike","2021-08-15 08:36:06","2021-08-15 08:47:26","Hancock St & Bedford Ave","4255.05","Metropolitan Ave & Bedford Ave","5308.04","40.68216564","-73.95399026","40.71534825","-73.96024116","casual"
"255F8FB7866A27B7","classic_bike","2021-08-11 15:51:59","2021-08-11 16:01:02","Front St & Jay St","4895.03","Kane St & Clinton St","4455.11","40.702461","-73.986842","40.6861758","-73.99645295","member"
"60A0BAB1C13CBDEF","classic_bike","2021-08-23 18:07:32","2021-08-23 18:42:29","Baltic St & 5 Ave","4208.11","Metropolitan Ave & Bedford Ave","5308.04","40.6795766","-73.97854971","40.71534825","-73.96024116","casual"
"3EFB703BD5996156","classic_bike","2021-08-09 11:16:00","2021-08-09 12:10:17","West St & Liberty St","5184.08","W 35 St & Dyer Ave","6569.08","40.711444","-74.014847","40.754691750226016","-73.99740189313889","casual"
"2D20C13464F8A14D","classic_bike","2021-08-30 18:53:15","2021-08-30 18:56:47","Kent Ave & N 7 St","5489.03","Wythe Ave & Metropolitan Ave","5348.02","40.72036775298455","-73.96165072917938","40.716887","-73.963198","casual"
"A8FFB0DF7D61FCE7","classic_bike","2021-08-05 18:37:51","2021-08-05 18:47:49","Cleveland Pl & Spring St","5492.05","Maiden Ln & Pearl St","5065.10","40.722103786686034","-73.99724900722504","40.70706456","-74.00731853","casual"
"8521558D6E18D92B","classic_bike","2021-08-12 10:10:35","2021-08-12 10:49:14","Bayard St & Baxter St","5351.03","W 22 St & 8 Ave","6224.03","40.71602118","-73.99974372","40.74475148","-73.99915362","member"
"1BE3569A73CBBB01","classic_bike","2021-08-18 12:04:18","2021-08-18 12:09:03","Front St & Gold St","4927.04","Johnson St & Gold St","4668.08","40.70224","-73.982578","40.69474881","-73.98362464","casual"
"25B0D69368EDB172","classic_bike","2021-08-23 08:28:08","2021-08-23 08:35:32","S 4 St & Wythe Ave","5204.05","Banker St & Meserole Ave","5633.04","40.71285887","-73.96590294","40.72606","-73.95621","casual"
"6265050895FD9AC3","docked_bike","2021-08-26 16:41:01","2021-08-26 16:53:15","E 12 St & 3 Ave","5788.12","E 13 St & Avenue A","5779.09","40.732233","-73.9889","40.729667","-73.98068","casual"
"D30C5C1996875DA8","classic_bike","2021-08-21 11:21:28","2021-08-21 11:27:59","Franklin St & Dupont St","5944.01","N 11 St & Kent Ave","5489.04","40.73564","-73.95866","40.72248188638219","-73.95921930670738","member"
"EB4E431C7248852A","classic_bike","2021-08-27 21:34:05","2021-08-27 21:45:25","W 59 St & 10 Ave","7023.04","E 39 St & 2 Ave","6345.08","40.770513","-73.988038","40.748033194287665","-73.973827958107","member"
"2449AEF0B44E13FF","classic_bike","2021-08-10 13:23:37","2021-08-10 13:38:57","W 17 St & 8 Ave","6148.02","Grand St & Greene St","5500.02","40.74177603","-74.00149746","40.72170005235607","-74.00238141417502","member"
"12C39720D49BFF81","classic_bike","2021-08-27 17:42:59","2021-08-27 17:51:57","Barrow St & Hudson St","5805.05","W 25 St & 6 Ave","6215.04","40.73172428","-74.00674436","40.74395411","-73.99144871","casual"
"10077DEE5BDA4F4D","classic_bike","2021-08-18 16:38:51","2021-08-18 17:24:26","Central Park S & 6 Ave","6876.04","Central Park S & 6 Ave","6876.04","40.76590936","-73.97634151","40.76590936","-73.97634151","casual"
"046F6DC363949620","classic_bike","2021-08-31 17:36:18","2021-08-31 17:45:53","Sullivan St & Washington Sq","5721.01","E 15 St & 3 Ave","5863.07","40.73047747","-73.99906065","40.734232","-73.986923","casual"
"8980C589ED36A61C","classic_bike","2021-08-27 07:26:05","2021-08-27 07:31:50","W 41 St & 8 Ave","6602.03","E 48 St & 5 Ave","6626.01","40.75640548","-73.9900262","40.75724567911726","-73.97805914282799","casual"
"3B28C10C9A02F224","classic_bike","2021-08-20 12:00:35","2021-08-20 12:10:43","6 Ave & W 33 St","6364.07","W 26 St & 10 Ave","6382.05","40.74901271","-73.98848395","40.749717753","-74.002950346","casual"
"5AF3800C96F91B81","classic_bike","2021-08-07 12:11:59","2021-08-07 12:18:33","E 27 St & 1 Ave","6004.06","E 47 St & 1 Ave","6498.09","40.739445","-73.976806","40.75206862","-73.96784384","casual"
"9AB7AD60FC0ED752","classic_bike","2021-08-02 10:09:49","2021-08-02 10:15:55","E 17 St & Broadway","5980.07","MacDougal St & Washington Sq","5797.01","40.73704984","-73.99009296","40.73226398","-73.99852205","member"
"A44A5A9A57E031EA","classic_bike","2021-08-06 22:10:56","2021-08-06 22:19:46","W 15 St & 10 Ave","6115.09","12 Ave & W 40 St","6765.01","40.742753828659026","-74.00747358798981","40.76087502","-74.00277668","member"
"F0C70A795E9D459F","classic_bike","2021-08-20 14:25:58","2021-08-20 14:31:29","Norfolk St & Broome St","5374.01","E 6 St & Avenue B","5584.04","40.7172274","-73.98802084","40.72453734","-73.98185424","member"
"AA6745A36D8D4719","classic_bike","2021-08-02 11:29:38","2021-08-02 11:35:46","Roebling St & N 4 St","5267.09","Graham Ave & Withers St","5403.04","40.71469","-73.95739","40.7169811","-73.94485918","member"
"1D6D1EDC0CC6E202","classic_bike","2021-08-13 07:39:42","2021-08-13 07:43:39","Irving Ave & Harman St","4856.05","Suydam St & Knickerbocker Ave","4939.07","40.70108","-73.9179","40.702013","-73.923769","member"
"63831C6F7F22B6D5","classic_bike","2021-08-15 16:04:07","2021-08-15 16:26:49","Central Park S & 6 Ave","6876.04","Central Park North & Adam Clayton Powell Blvd","7617.07","40.76590936","-73.97634151","40.799484","-73.955613","casual"
"6745CADC12D9551E","classic_bike","2021-08-13 17:52:30","2021-08-13 17:58:10","Bond St & Bergen St","4404.10","Schermerhorn St & Court St","4565.04","40.6849668","-73.98620772","40.69102925677968","-73.99183362722397","member"
"469AC43FFE40AE3D","classic_bike","2021-08-18 14:36:41","2021-08-18 14:51:39","11 Ave & W 27 St","6425.04","Pershing Square North","6432.09","40.751396","-74.005226","40.751873","-73.977706","member"
"BEC2D80D33EE0ED5","classic_bike","2021-08-15 11:42:03","2021-08-15 12:01:12","5 Ave & E 93 St","7372.10","W 82 St & Central Park West","7304.08","40.7857851","-73.957481","40.78275","-73.97137","casual"
"2CA05852332D10A1","classic_bike","2021-08-31 12:53:15","2021-08-31 13:00:47","1 Ave & E 16 St","5779.08","E 5 St & Avenue C","5545.04","40.73221853","-73.98165557","40.72299208","-73.97995466","member"
"F1DE2CB46B7D3D9F","classic_bike","2021-08-08 17:33:26","2021-08-08 17:51:44","Pier 40 - Hudson River Park","5696.03","Bus Slip & State St","4889.06","40.7277140777778","-74.01129573583603","40.701907","-74.013942","casual"
"9AB42F7DC5F3AB2A","classic_bike","2021-08-20 21:31:39","2021-08-20 21:39:36","2 Ave & E 55 St","6650.08","E 58 St & 1 Ave (NE Corner)","6682.03","40.757920208794026","-73.96638214588165","40.75892386377695","-73.96226227283478","casual"
"60E2681A2EC74A19","classic_bike","2021-08-20 00:46:21","2021-08-20 01:08:09","Johnson St & Gold St","4668.08","Marcus Garvey Blvd & Macon St","4278.03","40.69474881","-73.98362464","40.682601","-73.938037","member"
"0C388FDF1A4B475A","classic_bike","2021-08-13 19:46:41","2021-08-13 19:56:02","Amsterdam Ave & W 73 St","7260.09","Central Park West & W 85 St","7354.01","40.77966809007312","-73.98093044757842","40.78476","-73.969862","member"
"76EF9894CF18904B","classic_bike","2021-08-31 18:17:11","2021-08-31 18:19:26","Underhill Ave & Pacific St","4231.04","Bergen St & Vanderbilt Ave","4157.10","40.6804836","-73.9646795","40.6794388","-73.9680438","member"
"161AB783A85CB3EB","classic_bike","2021-08-30 22:43:35","2021-08-30 22:44:28","Woodward Ave & Harman St","5074.08","Woodward Ave & Harman St","5074.08","40.70793","-73.91092","40.70793","-73.91092","casual"
"3D56D912BF808107","classic_bike","2021-08-16 12:37:33","2021-08-16 12:55:54","Franklin St & W Broadway","5430.08","South St & Whitehall St","4846.01","40.71911552","-74.00666661","40.70122128","-74.01234218","casual"
"D98FFCAA2C6D73A7","classic_bike","2021-08-14 12:27:02","2021-08-14 12:31:47","Park Ave & E 162 St","8016.07","River Ave & E 153 St","8005.08","40.825716","-73.915585","40.82441","-73.92818","casual"
"E8E9324C778B2C0D","classic_bike","2021-08-15 13:57:23","2021-08-15 14:12:39","6 Ave & Broome St","5610.09","Vesey Pl & River Terrace","5297.02","40.72431","-74.00473","40.7153379","-74.01658354","member"
"6DDE577AB86E23D5","classic_bike","2021-08-14 14:30:16","2021-08-14 14:36:24","Broadway & W 56 St","6847.02","Amsterdam Ave & W 66 St","7149.05","40.7652654","-73.98192338","40.7746671","-73.98470567","member"
"51B583FD596839A5","classic_bike","2021-08-25 16:05:49","2021-08-25 16:09:23","E 39 St & Lexington Ave","6389.09","E 40 St & 5 Ave","6474.11","40.749498546025194","-73.97729203113158","40.752062307","-73.9816324043","member"
"BC3EFA11053E166A","classic_bike","2021-08-11 19:10:29","2021-08-11 19:26:07","Dock 72 Way & Market St","4804.02","Macon St & Nostrand Ave","4214.03","40.69985","-73.97141","40.6809833854","-73.9500479759","casual"
"26644A72AB619A65","classic_bike","2021-08-01 17:35:05","2021-08-01 17:43:33","Kane St & Clinton St","4455.11","Berkeley Pl & 7 Ave","4051.01","40.6861758","-73.99645295","40.675146838709786","-73.97523209452629","casual"
"4A8BDC5021127C4C","classic_bike","2021-08-24 07:37:25","2021-08-24 07:44:27","Central Park West & W 85 St","7354.01","Central Park West & W 68 St","7079.06","40.78476","-73.969862","40.7734066","-73.97782542","casual"
"F81D3FB596F71643","classic_bike","2021-08-10 09:50:25","2021-08-10 10:15:15","10 Ave & W 14 St","6157.04","Riverside Dr & W 78 St","7340.06","40.741981599940225","-74.00831580162048","40.78414472","-73.98362492","member"
"4A97BE598E68A069","classic_bike","2021-08-02 11:45:18","2021-08-02 11:58:46","8 Ave & W 38 St","6526.05","Broadway & W 58 St","6948.10","40.75461","-73.99177","40.76695317","-73.98169333","member"
"BA70C769CDD111DD","classic_bike","2021-08-19 20:51:37","2021-08-19 21:09:40","Greenwich St & W Houston St","5730.08","Lexington Ave & E 26 St","6089.08","40.728846","-74.008591","40.741459","-73.983293","member"
"AE0D60F704AF43AD","classic_bike","2021-08-01 18:30:30","2021-08-01 18:44:41","MacDougal St & Washington Sq","5797.01","Howard St & Centre St","5422.04","40.73226398","-73.99852205","40.71910537","-73.99973337","casual"
"59A4782E759FD7C0","classic_bike","2021-08-08 11:31:13","2021-08-08 11:37:06","W 53 St & 10 Ave","6890.01","9 Ave & W 45 St","6717.06","40.76669671","-73.99061728","40.76019252","-73.9912551","casual"
"122319D42F0D9B80","classic_bike","2021-08-13 16:52:58","2021-08-13 17:00:31","Broadway & E 21 St","6098.10","6 Ave & W 33 St","6364.07","40.739888408589955","-73.98958593606949","40.74901271","-73.98848395","member"
"1D64386CA0FB9417","classic_bike","2021-08-22 15:16:25","2021-08-22 15:55:05","1 Ave & E 78 St","7020.09","1 Ave & E 44 St","6379.03","40.77140426","-73.9535166","40.75001986","-73.96905301","member"
"F60D37B6343A65ED","classic_bike","2021-08-17 06:41:51","2021-08-17 07:01:23","N 12 St & Bedford Ave","5450.04","South St & Whitehall St","4846.01","40.72079821","-73.95484712","40.70122128","-74.01234218","casual"
"1467135280407239","classic_bike","2021-08-15 11:01:22","2021-08-15 11:29:31","Kingston Ave & Herkimer St","4205.06","Columbia Heights & Cranberry St","4829.01","40.67890679","-73.94142771","40.70037867","-73.99548059","member"
"1F4C73681C95A19C","classic_bike","2021-08-24 09:15:52","2021-08-24 09:22:28","E Fordham Rd & Webster Ave","8582.09","Valentine Ave & E 183 St","8472.06","40.861748","-73.89105","40.856987","-73.898237","casual"
"E3DC7351AE6AE36D","classic_bike","2021-08-30 13:14:50","2021-08-30 13:23:33","31 St & Newtown Ave","6923.20","23 Ave & 27 St","7178.02","40.7675487799971","-73.9209334552288","40.776165","-73.9153175","casual"
"0A4F61C82B4CD632","classic_bike","2021-08-10 07:05:33","2021-08-10 07:48:52","E 81 St & 2 Ave","7121.05","W 22 St & 8 Ave","6224.03","40.774779448957275","-73.95427465438843","40.74475148","-73.99915362","member"
"120FC857A9D47EF3","classic_bike","2021-08-05 07:05:42","2021-08-05 07:13:51","Clinton St & Grand St","5303.06","Rivington St & Chrystie St","5453.01","40.71559509","-73.9870295","40.72110063","-73.9919254","member"
"F07C7C3122C066EA","classic_bike","2021-08-08 20:42:58","2021-08-08 21:42:42","Broadway & W 51 St","6779.04","Broadway & W 51 St","6779.04","40.76228826","-73.98336183","40.76228826","-73.98336183","casual"
"1707E39804824ADC","classic_bike","2021-08-10 16:13:04","2021-08-10 16:31:53","Adam Clayton Powell Blvd & W 130 St","7774.02","2 Ave & E 104 St","7436.11","40.812346","-73.946168","40.7892105","-73.94370784","member"
"7E53A250DFC4E5E4","classic_bike","2021-08-03 16:50:17","2021-08-03 17:03:58","Frederick Douglass Blvd & W 117 St","7688.12","E 81 St & 3 Ave","7154.07","40.805159","-73.954692","40.77573034","-73.9567526","member"
"5AA72666FB698615","classic_bike","2021-08-24 15:54:30","2021-08-24 16:06:21","Emerson Pl & Myrtle Ave","4683.02","Bedford Ave & S 9 St","5093.01","40.69363137","-73.96223558","40.70853074","-73.96408963","casual"
"F778F00239A985E3","classic_bike","2021-08-09 16:50:51","2021-08-09 16:56:52","Bergen St & Smith St","4446.01","Jay St & Tech Pl","4710.06","40.6867443","-73.99063168","40.695065","-73.987167","member"
